scenario_rate,locked_millions,unlocked_vs_today_millions,estimated_saar_uplift_k
6.5,41.5036,0.0,0.0
6.25,36.068,5.435600000000001,1521.9680000000003
6.0,36.068,5.435600000000001,1521.9680000000003
5.75,28.9052,12.598400000000002,3527.552000000001
5.5,28.9052,12.598400000000002,3527.552000000001
5.25,20.1676,21.336,5974.08
5.0,20.1676,21.336,5974.08
4.75,11.1252,30.3784,8505.952000000001
4.5,11.1252,30.3784,8505.952000000001
4.25,11.1252,30.3784,8505.952
4.0,0.0,41.5036,11620.408
