rate_bucket,pct_of_outstanding,approx_midpoint_rate,est_homes_millions
<3%,0.219,2.5,11.1252
3-3.5%,0.178,3.25,9.042399999999999
3.5-4%,0.172,3.75,8.737599999999999
4-4.5%,0.141,4.25,7.162799999999999
4.5-5%,0.107,4.75,5.4356
5-5.5%,0.044,5.25,2.2352
5.5-6%,0.032,5.75,1.6256
6-6.5%,0.058,6.25,2.9464
>6.5%,0.049,7.0,2.4892
